id,svl ,pc
CV01,1.5,-0.414364641
DG03,5.3,74.88950276
DG04,4.6,68.34254144
DG07,6.5,44.66850829
DG08,7.5,32.37569061
DG09,3.8,28.31491713
DG10,6.2,28.12154696
DG11,7,44.80662983
DG12,7,49.80662983